"runid","pipe_id","defect_id","defect_length","defect_breadth","defect_angle","defect_depth","type","x","y"
"5","4","2","2","19","0","0","manual","2","28"
"5","4","4","3","8","0","0","manual","5","15"
"5","4","5","2","13","0","0","manual","0","5"
"5","4","6","8","24","0","0","system","8","36"
"runid","analytic_id","Sensitivity","pipe_id","pipe_start_filename","pipe_start_serialno","pipe_end_filename","pipe_end_serialno","pipe_length"
"5","1","1.0","4","1","0","1","20","0"
"runid","ProjectName","Pipeline_owner","Pipeline_Name","Launch","Receive","Diameter","Length","Steel_grade","Nominal_wall","Pipe_type","MAOP_entry","Design_pressure","Defect_Assessment","Year_of_commissioning","Inspection_history","Pipeline_product"
"1","vdt","dfg","bh","ccv","nnn","0","0","ccvvv","vvvv","dddvvbb","bb","ccc","fff","fff","vvv","vbc"
"2","vdt1","ewdjje","mdm","dnd","ndn","0","0","dnfn","ndnf","bdb","ndn","dnf","ndbf","dbfb","dbfb","xyz"
"3","vdt2","dffb","whehe","ndsn","dnn","0","0","ndcdn","ndsn","snd","sdbd","bsxdb","ndsn","cdn","nsdns","dsbd"
"4","vdt3","sxbx","mxsmx","msm","msms","0","0","sxns","msx","msx","msx","mmxs","sxm","sns","sxsss","sns"
"5","vdt4",,,,,"0","0",,,,,,,,,
"6","vdt5",,,,,"0","0",,,,,,,,,
"7","vdt6",,,,,"0","0",,,,,,,,,
"8","vdt7",,,,,"0","0",,,,,,,,,
"9","vdt8",,,,,"0","0",,,,,,,,,
"10","vdt9",,,,,"0","0",,,,,,,,,
"11","ajlk",NULL,NULL,NULL,NULL,NULL,NULL,NULL,NULL,NULL,NULL,NULL,NULL,NULL,NULL,NULL
"21","a large project name",NULL,NULL,NULL,NULL,NULL,NULL,NULL,NULL,NULL,NULL,NULL,NULL,NULL,NULL,NULL
"idUsers,UserName,Password"
"1,sanjay,sanjay"
"runid","analytic_id","Sensitivity","weld_id","weld_start_filename","weld_start_serialno","weld_end_filename","weld_end_serialno","weld_length"
